trap_number_shut,PARENT_KEY,KEY
,uuid:b2151ab2-a7ba-43f1-a182-3a6438657a71,uuid:b2151ab2-a7ba-43f1-a182-3a6438657a71/individual_traps/trap_closed/number_repeat_shut[1]
239,uuid:bf929bde-4460-48f4-95ca-6294024e6657,uuid:bf929bde-4460-48f4-95ca-6294024e6657/individual_traps/trap_closed/number_repeat_shut[1]
161,uuid:d835618b-ec3c-4d44-866c-bc64c29f7832,uuid:d835618b-ec3c-4d44-866c-bc64c29f7832/individual_traps/trap_closed/number_repeat_shut[1]
170,uuid:d835618b-ec3c-4d44-866c-bc64c29f7832,uuid:d835618b-ec3c-4d44-866c-bc64c29f7832/individual_traps/trap_closed/number_repeat_shut[2]
171,uuid:d835618b-ec3c-4d44-866c-bc64c29f7832,uuid:d835618b-ec3c-4d44-866c-bc64c29f7832/individual_traps/trap_closed/number_repeat_shut[3]
188,uuid:d835618b-ec3c-4d44-866c-bc64c29f7832,uuid:d835618b-ec3c-4d44-866c-bc64c29f7832/individual_traps/trap_closed/number_repeat_shut[4]
,uuid:3d68a031-e63c-467a-b591-887576cc0846,uuid:3d68a031-e63c-467a-b591-887576cc0846/individual_traps/trap_closed/number_repeat_shut[1]
,uuid:76e18cdc-d7a4-43e9-bb0f-c4e67a65a6cc,uuid:76e18cdc-d7a4-43e9-bb0f-c4e67a65a6cc/individual_traps/trap_closed/number_repeat_shut[1]
15,uuid:b0818042-ce3e-4d2b-8656-7077abc053fb,uuid:b0818042-ce3e-4d2b-8656-7077abc053fb/individual_traps/trap_closed/number_repeat_shut[1]
20,uuid:b0818042-ce3e-4d2b-8656-7077abc053fb,uuid:b0818042-ce3e-4d2b-8656-7077abc053fb/individual_traps/trap_closed/number_repeat_shut[2]
35,uuid:b0818042-ce3e-4d2b-8656-7077abc053fb,uuid:b0818042-ce3e-4d2b-8656-7077abc053fb/individual_traps/trap_closed/number_repeat_shut[3]
,uuid:0e7d0677-c2df-4b88-9c20-a8cce6fb4080,uuid:0e7d0677-c2df-4b88-9c20-a8cce6fb4080/individual_traps/trap_closed/number_repeat_shut[1]
,uuid:253f6ed6-ef35-4f00-bd1e-7ade9fab7e73,uuid:253f6ed6-ef35-4f00-bd1e-7ade9fab7e73/individual_traps/trap_closed/number_repeat_shut[1]
151,uuid:0e8511a6-c28a-4778-a21e-fca17a649b33,uuid:0e8511a6-c28a-4778-a21e-fca17a649b33/individual_traps/trap_closed/number_repeat_shut[1]
110,uuid:8e836cf9-23ed-43e3-b2c0-ca764c55a3d3,uuid:8e836cf9-23ed-43e3-b2c0-ca764c55a3d3/individual_traps/trap_closed/number_repeat_shut[1]
33,uuid:1366d8f9-312a-4859-9db4-dd0f899161da,uuid:1366d8f9-312a-4859-9db4-dd0f899161da/individual_traps/trap_closed/number_repeat_shut[1]
96,uuid:6491300d-c7d8-443f-bf1a-a787944e1883,uuid:6491300d-c7d8-443f-bf1a-a787944e1883/individual_traps/trap_closed/number_repeat_shut[1]
50,uuid:e45b5c84-558b-48b3-8584-4fa7ad9d8c59,uuid:e45b5c84-558b-48b3-8584-4fa7ad9d8c59/individual_traps/trap_closed/number_repeat_shut[1]
67,uuid:e45b5c84-558b-48b3-8584-4fa7ad9d8c59,uuid:e45b5c84-558b-48b3-8584-4fa7ad9d8c59/individual_traps/trap_closed/number_repeat_shut[2]
90,uuid:e45b5c84-558b-48b3-8584-4fa7ad9d8c59,uuid:e45b5c84-558b-48b3-8584-4fa7ad9d8c59/individual_traps/trap_closed/number_repeat_shut[3]
91,uuid:e45b5c84-558b-48b3-8584-4fa7ad9d8c59,uuid:e45b5c84-558b-48b3-8584-4fa7ad9d8c59/individual_traps/trap_closed/number_repeat_shut[4]
11,uuid:34ab21ed-10b6-4f6d-8b00-4436defa3316,uuid:34ab21ed-10b6-4f6d-8b00-4436defa3316/individual_traps/trap_closed/number_repeat_shut[1]
25,uuid:34ab21ed-10b6-4f6d-8b00-4436defa3316,uuid:34ab21ed-10b6-4f6d-8b00-4436defa3316/individual_traps/trap_closed/number_repeat_shut[2]
30,uuid:34ab21ed-10b6-4f6d-8b00-4436defa3316,uuid:34ab21ed-10b6-4f6d-8b00-4436defa3316/individual_traps/trap_closed/number_repeat_shut[3]
290,uuid:9496c853-685b-485d-803b-c59b7edf2b26,uuid:9496c853-685b-485d-803b-c59b7edf2b26/individual_traps/trap_closed/number_repeat_shut[1]
259,uuid:9496c853-685b-485d-803b-c59b7edf2b26,uuid:9496c853-685b-485d-803b-c59b7edf2b26/individual_traps/trap_closed/number_repeat_shut[2]
197,uuid:48b3ca33-ff53-44c2-88e0-a7d39934a491,uuid:48b3ca33-ff53-44c2-88e0-a7d39934a491/individual_traps/trap_closed/number_repeat_shut[1]
205,uuid:48b3ca33-ff53-44c2-88e0-a7d39934a491,uuid:48b3ca33-ff53-44c2-88e0-a7d39934a491/individual_traps/trap_closed/number_repeat_shut[2]
230,uuid:48b3ca33-ff53-44c2-88e0-a7d39934a491,uuid:48b3ca33-ff53-44c2-88e0-a7d39934a491/individual_traps/trap_closed/number_repeat_shut[3]
181,uuid:b6a1ec36-4123-456f-b70a-5b629b2c74fa,uuid:b6a1ec36-4123-456f-b70a-5b629b2c74fa/individual_traps/trap_closed/number_repeat_shut[1]
149,uuid:b6a1ec36-4123-456f-b70a-5b629b2c74fa,uuid:b6a1ec36-4123-456f-b70a-5b629b2c74fa/individual_traps/trap_closed/number_repeat_shut[2]
170,uuid:b6a1ec36-4123-456f-b70a-5b629b2c74fa,uuid:b6a1ec36-4123-456f-b70a-5b629b2c74fa/individual_traps/trap_closed/number_repeat_shut[3]
109,uuid:4cb16b0c-991a-4680-adfd-3730c8048662,uuid:4cb16b0c-991a-4680-adfd-3730c8048662/individual_traps/trap_closed/number_repeat_shut[1]
125,uuid:4cb16b0c-991a-4680-adfd-3730c8048662,uuid:4cb16b0c-991a-4680-adfd-3730c8048662/individual_traps/trap_closed/number_repeat_shut[2]
140,uuid:4cb16b0c-991a-4680-adfd-3730c8048662,uuid:4cb16b0c-991a-4680-adfd-3730c8048662/individual_traps/trap_closed/number_repeat_shut[3]
55,uuid:7c624c78-bb49-483a-ab68-7003a1717545,uuid:7c624c78-bb49-483a-ab68-7003a1717545/individual_traps/trap_closed/number_repeat_shut[1]
52,uuid:7c624c78-bb49-483a-ab68-7003a1717545,uuid:7c624c78-bb49-483a-ab68-7003a1717545/individual_traps/trap_closed/number_repeat_shut[2]
56,uuid:7c624c78-bb49-483a-ab68-7003a1717545,uuid:7c624c78-bb49-483a-ab68-7003a1717545/individual_traps/trap_closed/number_repeat_shut[3]
2,uuid:427bf9ef-9a73-4674-bb9b-aefc8865593d,uuid:427bf9ef-9a73-4674-bb9b-aefc8865593d/individual_traps/trap_closed/number_repeat_shut[1]
30,uuid:427bf9ef-9a73-4674-bb9b-aefc8865593d,uuid:427bf9ef-9a73-4674-bb9b-aefc8865593d/individual_traps/trap_closed/number_repeat_shut[2]
40,uuid:427bf9ef-9a73-4674-bb9b-aefc8865593d,uuid:427bf9ef-9a73-4674-bb9b-aefc8865593d/individual_traps/trap_closed/number_repeat_shut[3]
12,uuid:427bf9ef-9a73-4674-bb9b-aefc8865593d,uuid:427bf9ef-9a73-4674-bb9b-aefc8865593d/individual_traps/trap_closed/number_repeat_shut[4]
31,uuid:427bf9ef-9a73-4674-bb9b-aefc8865593d,uuid:427bf9ef-9a73-4674-bb9b-aefc8865593d/individual_traps/trap_closed/number_repeat_shut[5]
41,uuid:427bf9ef-9a73-4674-bb9b-aefc8865593d,uuid:427bf9ef-9a73-4674-bb9b-aefc8865593d/individual_traps/trap_closed/number_repeat_shut[6]
42,uuid:427bf9ef-9a73-4674-bb9b-aefc8865593d,uuid:427bf9ef-9a73-4674-bb9b-aefc8865593d/individual_traps/trap_closed/number_repeat_shut[7]
246,uuid:ee79280e-1af4-444d-a4d4-6547eb1c9057,uuid:ee79280e-1af4-444d-a4d4-6547eb1c9057/individual_traps/trap_closed/number_repeat_shut[1]
249,uuid:ee79280e-1af4-444d-a4d4-6547eb1c9057,uuid:ee79280e-1af4-444d-a4d4-6547eb1c9057/individual_traps/trap_closed/number_repeat_shut[2]
267,uuid:ee79280e-1af4-444d-a4d4-6547eb1c9057,uuid:ee79280e-1af4-444d-a4d4-6547eb1c9057/individual_traps/trap_closed/number_repeat_shut[3]
271,uuid:ee79280e-1af4-444d-a4d4-6547eb1c9057,uuid:ee79280e-1af4-444d-a4d4-6547eb1c9057/individual_traps/trap_closed/number_repeat_shut[4]
272,uuid:ee79280e-1af4-444d-a4d4-6547eb1c9057,uuid:ee79280e-1af4-444d-a4d4-6547eb1c9057/individual_traps/trap_closed/number_repeat_shut[5]
274,uuid:ee79280e-1af4-444d-a4d4-6547eb1c9057,uuid:ee79280e-1af4-444d-a4d4-6547eb1c9057/individual_traps/trap_closed/number_repeat_shut[6]
246,uuid:e638ed29-8360-4592-b0ad-ea013f0b653f,uuid:e638ed29-8360-4592-b0ad-ea013f0b653f/individual_traps/trap_closed/number_repeat_shut[1]
290,uuid:e638ed29-8360-4592-b0ad-ea013f0b653f,uuid:e638ed29-8360-4592-b0ad-ea013f0b653f/individual_traps/trap_closed/number_repeat_shut[2]
249,uuid:e638ed29-8360-4592-b0ad-ea013f0b653f,uuid:e638ed29-8360-4592-b0ad-ea013f0b653f/individual_traps/trap_closed/number_repeat_shut[3]
,uuid:023ff304-2cd8-4d6e-bdff-3296e90db773,uuid:023ff304-2cd8-4d6e-bdff-3296e90db773/individual_traps/trap_closed/number_repeat_shut[1]
103,uuid:6c19172f-ee7c-4661-b6b8-39b6b7eeffa9,uuid:6c19172f-ee7c-4661-b6b8-39b6b7eeffa9/individual_traps/trap_closed/number_repeat_shut[1]
125,uuid:6c19172f-ee7c-4661-b6b8-39b6b7eeffa9,uuid:6c19172f-ee7c-4661-b6b8-39b6b7eeffa9/individual_traps/trap_closed/number_repeat_shut[2]
139,uuid:6c19172f-ee7c-4661-b6b8-39b6b7eeffa9,uuid:6c19172f-ee7c-4661-b6b8-39b6b7eeffa9/individual_traps/trap_closed/number_repeat_shut[3]
77,uuid:83c1ba1f-a0b5-4100-acf8-e96061d8982e,uuid:83c1ba1f-a0b5-4100-acf8-e96061d8982e/individual_traps/trap_closed/number_repeat_shut[1]
58,uuid:83c1ba1f-a0b5-4100-acf8-e96061d8982e,uuid:83c1ba1f-a0b5-4100-acf8-e96061d8982e/individual_traps/trap_closed/number_repeat_shut[2]
1,uuid:98b08bb5-873b-4f8e-9dce-b50f4497bda6,uuid:98b08bb5-873b-4f8e-9dce-b50f4497bda6/individual_traps/trap_closed/number_repeat_shut[1]
30,uuid:98b08bb5-873b-4f8e-9dce-b50f4497bda6,uuid:98b08bb5-873b-4f8e-9dce-b50f4497bda6/individual_traps/trap_closed/number_repeat_shut[2]
249,uuid:175a3a8f-3b82-4dbf-8ed7-759903a6efb6,uuid:175a3a8f-3b82-4dbf-8ed7-759903a6efb6/individual_traps/trap_closed/number_repeat_shut[1]
269,uuid:175a3a8f-3b82-4dbf-8ed7-759903a6efb6,uuid:175a3a8f-3b82-4dbf-8ed7-759903a6efb6/individual_traps/trap_closed/number_repeat_shut[2]
271,uuid:175a3a8f-3b82-4dbf-8ed7-759903a6efb6,uuid:175a3a8f-3b82-4dbf-8ed7-759903a6efb6/individual_traps/trap_closed/number_repeat_shut[3]
277,uuid:175a3a8f-3b82-4dbf-8ed7-759903a6efb6,uuid:175a3a8f-3b82-4dbf-8ed7-759903a6efb6/individual_traps/trap_closed/number_repeat_shut[4]
278,uuid:175a3a8f-3b82-4dbf-8ed7-759903a6efb6,uuid:175a3a8f-3b82-4dbf-8ed7-759903a6efb6/individual_traps/trap_closed/number_repeat_shut[5]
,uuid:5be479e8-c314-4a30-a900-dfd037910741,uuid:5be479e8-c314-4a30-a900-dfd037910741/individual_traps/trap_closed/number_repeat_shut[1]
199,uuid:080af6f6-1fb2-4383-bd58-d60f50f93068,uuid:080af6f6-1fb2-4383-bd58-d60f50f93068/individual_traps/trap_closed/number_repeat_shut[1]
203,uuid:080af6f6-1fb2-4383-bd58-d60f50f93068,uuid:080af6f6-1fb2-4383-bd58-d60f50f93068/individual_traps/trap_closed/number_repeat_shut[2]
219,uuid:080af6f6-1fb2-4383-bd58-d60f50f93068,uuid:080af6f6-1fb2-4383-bd58-d60f50f93068/individual_traps/trap_closed/number_repeat_shut[3]
235,uuid:080af6f6-1fb2-4383-bd58-d60f50f93068,uuid:080af6f6-1fb2-4383-bd58-d60f50f93068/individual_traps/trap_closed/number_repeat_shut[4]
241,uuid:080af6f6-1fb2-4383-bd58-d60f50f93068,uuid:080af6f6-1fb2-4383-bd58-d60f50f93068/individual_traps/trap_closed/number_repeat_shut[5]
155,uuid:68aa6d32-5f0a-4414-a734-177237fff2ec,uuid:68aa6d32-5f0a-4414-a734-177237fff2ec/individual_traps/trap_closed/number_repeat_shut[1]
192,uuid:68aa6d32-5f0a-4414-a734-177237fff2ec,uuid:68aa6d32-5f0a-4414-a734-177237fff2ec/individual_traps/trap_closed/number_repeat_shut[2]
116,uuid:5b851938-e93f-4854-914a-59823ad69f12,uuid:5b851938-e93f-4854-914a-59823ad69f12/individual_traps/trap_closed/number_repeat_shut[1]
142,uuid:5b851938-e93f-4854-914a-59823ad69f12,uuid:5b851938-e93f-4854-914a-59823ad69f12/individual_traps/trap_closed/number_repeat_shut[2]
147,uuid:5b851938-e93f-4854-914a-59823ad69f12,uuid:5b851938-e93f-4854-914a-59823ad69f12/individual_traps/trap_closed/number_repeat_shut[3]
148,uuid:5b851938-e93f-4854-914a-59823ad69f12,uuid:5b851938-e93f-4854-914a-59823ad69f12/individual_traps/trap_closed/number_repeat_shut[4]
57,uuid:a67c7dbc-6196-4d85-ace2-6041ed8e6bfb,uuid:a67c7dbc-6196-4d85-ace2-6041ed8e6bfb/individual_traps/trap_closed/number_repeat_shut[1]
90,uuid:a67c7dbc-6196-4d85-ace2-6041ed8e6bfb,uuid:a67c7dbc-6196-4d85-ace2-6041ed8e6bfb/individual_traps/trap_closed/number_repeat_shut[2]
97,uuid:a67c7dbc-6196-4d85-ace2-6041ed8e6bfb,uuid:a67c7dbc-6196-4d85-ace2-6041ed8e6bfb/individual_traps/trap_closed/number_repeat_shut[3]
,uuid:b0a6eed5-6240-4198-9dc2-2f3b18d6dba2,uuid:b0a6eed5-6240-4198-9dc2-2f3b18d6dba2/individual_traps/trap_closed/number_repeat_shut[1]
,uuid:92825932-ec90-4def-bc19-951c5fcf8e6f,uuid:92825932-ec90-4def-bc19-951c5fcf8e6f/individual_traps/trap_closed/number_repeat_shut[1]
,uuid:b3cb8bc6-35b0-4041-9608-3ec00b9c94f5,uuid:b3cb8bc6-35b0-4041-9608-3ec00b9c94f5/individual_traps/trap_closed/number_repeat_shut[1]
85,uuid:409e7d82-faa3-4781-8edc-4cc7091fc9f1,uuid:409e7d82-faa3-4781-8edc-4cc7091fc9f1/individual_traps/trap_closed/number_repeat_shut[1]
93,uuid:409e7d82-faa3-4781-8edc-4cc7091fc9f1,uuid:409e7d82-faa3-4781-8edc-4cc7091fc9f1/individual_traps/trap_closed/number_repeat_shut[2]
,uuid:70efd36a-f899-48e4-8492-186b25a463bb,uuid:70efd36a-f899-48e4-8492-186b25a463bb/individual_traps/trap_closed/number_repeat_shut[1]
151,uuid:996ee97c-edc5-45f8-a377-42ebd0b4d7ed,uuid:996ee97c-edc5-45f8-a377-42ebd0b4d7ed/individual_traps/trap_closed/number_repeat_shut[1]
158,uuid:996ee97c-edc5-45f8-a377-42ebd0b4d7ed,uuid:996ee97c-edc5-45f8-a377-42ebd0b4d7ed/individual_traps/trap_closed/number_repeat_shut[2]
58,uuid:ba69a47e-fb74-46d8-a984-86cae2bfcaa3,uuid:ba69a47e-fb74-46d8-a984-86cae2bfcaa3/individual_traps/trap_closed/number_repeat_shut[1]
94,uuid:ba69a47e-fb74-46d8-a984-86cae2bfcaa3,uuid:ba69a47e-fb74-46d8-a984-86cae2bfcaa3/individual_traps/trap_closed/number_repeat_shut[2]
15,uuid:8931080e-34e4-48b6-a8a3-a8750ad3513a,uuid:8931080e-34e4-48b6-a8a3-a8750ad3513a/individual_traps/trap_closed/number_repeat_shut[1]
167,uuid:352450fe-5a4e-409a-83a7-a242b4e97b94,uuid:352450fe-5a4e-409a-83a7-a242b4e97b94/individual_traps/trap_closed/number_repeat_shut[1]
181,uuid:352450fe-5a4e-409a-83a7-a242b4e97b94,uuid:352450fe-5a4e-409a-83a7-a242b4e97b94/individual_traps/trap_closed/number_repeat_shut[2]
218,uuid:352450fe-5a4e-409a-83a7-a242b4e97b94,uuid:352450fe-5a4e-409a-83a7-a242b4e97b94/individual_traps/trap_closed/number_repeat_shut[3]
58,uuid:fc98eeb1-a609-406b-85a3-c6ba4a90493d,uuid:fc98eeb1-a609-406b-85a3-c6ba4a90493d/individual_traps/trap_closed/number_repeat_shut[1]
,uuid:c2976460-8e23-497b-b7c9-c32a9a219034,uuid:c2976460-8e23-497b-b7c9-c32a9a219034/individual_traps/trap_closed/number_repeat_shut[1]
179,uuid:06b5ddc3-3293-4fb3-8a55-8d87c2314f42,uuid:06b5ddc3-3293-4fb3-8a55-8d87c2314f42/individual_traps/trap_closed/number_repeat_shut[1]
182,uuid:06b5ddc3-3293-4fb3-8a55-8d87c2314f42,uuid:06b5ddc3-3293-4fb3-8a55-8d87c2314f42/individual_traps/trap_closed/number_repeat_shut[2]
58,uuid:e2258a4f-69da-4e77-b80d-e08a634a6162,uuid:e2258a4f-69da-4e77-b80d-e08a634a6162/individual_traps/trap_closed/number_repeat_shut[1]
98,uuid:e2258a4f-69da-4e77-b80d-e08a634a6162,uuid:e2258a4f-69da-4e77-b80d-e08a634a6162/individual_traps/trap_closed/number_repeat_shut[2]
100,uuid:548fa2df-b5b9-406a-a77c-88ba1869f585,uuid:548fa2df-b5b9-406a-a77c-88ba1869f585/individual_traps/trap_closed/number_repeat_shut[1]
248,uuid:4d0a5740-7ee4-4cb2-bece-77d751f5e752,uuid:4d0a5740-7ee4-4cb2-bece-77d751f5e752/individual_traps/trap_closed/number_repeat_shut[1]
259,uuid:4d0a5740-7ee4-4cb2-bece-77d751f5e752,uuid:4d0a5740-7ee4-4cb2-bece-77d751f5e752/individual_traps/trap_closed/number_repeat_shut[2]
250,uuid:4d0a5740-7ee4-4cb2-bece-77d751f5e752,uuid:4d0a5740-7ee4-4cb2-bece-77d751f5e752/individual_traps/trap_closed/number_repeat_shut[3]
59,uuid:9758cd2c-c91c-4169-9d13-6734d3fdc67a,uuid:9758cd2c-c91c-4169-9d13-6734d3fdc67a/individual_traps/trap_closed/number_repeat_shut[1]
70,uuid:9758cd2c-c91c-4169-9d13-6734d3fdc67a,uuid:9758cd2c-c91c-4169-9d13-6734d3fdc67a/individual_traps/trap_closed/number_repeat_shut[2]
80,uuid:9758cd2c-c91c-4169-9d13-6734d3fdc67a,uuid:9758cd2c-c91c-4169-9d13-6734d3fdc67a/individual_traps/trap_closed/number_repeat_shut[3]
,uuid:3b4e59af-7326-4b2e-a256-56d3f42e1c1e,uuid:3b4e59af-7326-4b2e-a256-56d3f42e1c1e/individual_traps/trap_closed/number_repeat_shut[1]
141,uuid:53c303d4-fd0d-47c6-a3fd-c0f6b6c9fa65,uuid:53c303d4-fd0d-47c6-a3fd-c0f6b6c9fa65/individual_traps/trap_closed/number_repeat_shut[1]
142,uuid:53c303d4-fd0d-47c6-a3fd-c0f6b6c9fa65,uuid:53c303d4-fd0d-47c6-a3fd-c0f6b6c9fa65/individual_traps/trap_closed/number_repeat_shut[2]
1,uuid:842d4d8f-f610-4ad1-801e-644d5dc1d4a8,uuid:842d4d8f-f610-4ad1-801e-644d5dc1d4a8/individual_traps/trap_closed/number_repeat_shut[1]
10,uuid:842d4d8f-f610-4ad1-801e-644d5dc1d4a8,uuid:842d4d8f-f610-4ad1-801e-644d5dc1d4a8/individual_traps/trap_closed/number_repeat_shut[2]
17,uuid:842d4d8f-f610-4ad1-801e-644d5dc1d4a8,uuid:842d4d8f-f610-4ad1-801e-644d5dc1d4a8/individual_traps/trap_closed/number_repeat_shut[3]
22,uuid:842d4d8f-f610-4ad1-801e-644d5dc1d4a8,uuid:842d4d8f-f610-4ad1-801e-644d5dc1d4a8/individual_traps/trap_closed/number_repeat_shut[4]
35,uuid:842d4d8f-f610-4ad1-801e-644d5dc1d4a8,uuid:842d4d8f-f610-4ad1-801e-644d5dc1d4a8/individual_traps/trap_closed/number_repeat_shut[5]
225,uuid:6a84fdab-242d-4e12-958d-4a9f8804e32a,uuid:6a84fdab-242d-4e12-958d-4a9f8804e32a/individual_traps/trap_closed/number_repeat_shut[1]
,uuid:327c3325-c507-4711-b514-fe4b1fac0276,uuid:327c3325-c507-4711-b514-fe4b1fac0276/individual_traps/trap_closed/number_repeat_shut[1]
1,uuid:b93a4350-9ce6-4a7a-b6e8-a9ff85c686aa,uuid:b93a4350-9ce6-4a7a-b6e8-a9ff85c686aa/individual_traps/trap_closed/number_repeat_shut[1]
5,uuid:b93a4350-9ce6-4a7a-b6e8-a9ff85c686aa,uuid:b93a4350-9ce6-4a7a-b6e8-a9ff85c686aa/individual_traps/trap_closed/number_repeat_shut[2]
192,uuid:b2c38a06-fdde-4685-8151-8b784d3dce91,uuid:b2c38a06-fdde-4685-8151-8b784d3dce91/individual_traps/trap_closed/number_repeat_shut[1]
11,uuid:52d7d020-6ba7-47df-820f-449a569505cf,uuid:52d7d020-6ba7-47df-820f-449a569505cf/individual_traps/trap_closed/number_repeat_shut[1]
28,uuid:1982225c-f430-4b58-a0f1-bbf62e6c3daf,uuid:1982225c-f430-4b58-a0f1-bbf62e6c3daf/individual_traps/trap_closed/number_repeat_shut[1]
9,uuid:1982225c-f430-4b58-a0f1-bbf62e6c3daf,uuid:1982225c-f430-4b58-a0f1-bbf62e6c3daf/individual_traps/trap_closed/number_repeat_shut[2]
192,uuid:4c7d6ff1-88ea-48d3-b22a-e5dd6e4773ad,uuid:4c7d6ff1-88ea-48d3-b22a-e5dd6e4773ad/individual_traps/trap_closed/number_repeat_shut[1]
193,uuid:4c7d6ff1-88ea-48d3-b22a-e5dd6e4773ad,uuid:4c7d6ff1-88ea-48d3-b22a-e5dd6e4773ad/individual_traps/trap_closed/number_repeat_shut[2]
,uuid:22756f76-48f6-4a6e-bc62-cdf0146bff7b,uuid:22756f76-48f6-4a6e-bc62-cdf0146bff7b/individual_traps/trap_closed/number_repeat_shut[1]
,uuid:470a56d6-6e6e-4916-a936-533adf694fd9,uuid:470a56d6-6e6e-4916-a936-533adf694fd9/individual_traps/trap_closed/number_repeat_shut[1]
208,uuid:5fd29f0a-c12f-4f38-9332-1fc09920b72f,uuid:5fd29f0a-c12f-4f38-9332-1fc09920b72f/individual_traps/trap_closed/number_repeat_shut[1]
245,uuid:5fd29f0a-c12f-4f38-9332-1fc09920b72f,uuid:5fd29f0a-c12f-4f38-9332-1fc09920b72f/individual_traps/trap_closed/number_repeat_shut[2]
120,uuid:b06468b0-41f9-473e-96ee-f637e976ff8a,uuid:b06468b0-41f9-473e-96ee-f637e976ff8a/individual_traps/trap_closed/number_repeat_shut[1]
9,uuid:0d6cc8b2-caf7-460e-b19b-cf70e2a2c494,uuid:0d6cc8b2-caf7-460e-b19b-cf70e2a2c494/individual_traps/trap_closed/number_repeat_shut[1]
20,uuid:0d6cc8b2-caf7-460e-b19b-cf70e2a2c494,uuid:0d6cc8b2-caf7-460e-b19b-cf70e2a2c494/individual_traps/trap_closed/number_repeat_shut[2]
37,uuid:0d6cc8b2-caf7-460e-b19b-cf70e2a2c494,uuid:0d6cc8b2-caf7-460e-b19b-cf70e2a2c494/individual_traps/trap_closed/number_repeat_shut[3]
46,uuid:0d6cc8b2-caf7-460e-b19b-cf70e2a2c494,uuid:0d6cc8b2-caf7-460e-b19b-cf70e2a2c494/individual_traps/trap_closed/number_repeat_shut[4]
48,uuid:0d6cc8b2-caf7-460e-b19b-cf70e2a2c494,uuid:0d6cc8b2-caf7-460e-b19b-cf70e2a2c494/individual_traps/trap_closed/number_repeat_shut[5]
,uuid:030c29c0-5778-475b-a6b0-bb4f8c7fad0a,uuid:030c29c0-5778-475b-a6b0-bb4f8c7fad0a/individual_traps/trap_closed/number_repeat_shut[1]
,uuid:20b3ec36-d7b4-4a3c-976f-9a542f15684e,uuid:20b3ec36-d7b4-4a3c-976f-9a542f15684e/individual_traps/trap_closed/number_repeat_shut[1]
65,uuid:4ab910c9-d279-4a6c-88e7-3e3f065ffd12,uuid:4ab910c9-d279-4a6c-88e7-3e3f065ffd12/individual_traps/trap_closed/number_repeat_shut[1]
83,uuid:4ab910c9-d279-4a6c-88e7-3e3f065ffd12,uuid:4ab910c9-d279-4a6c-88e7-3e3f065ffd12/individual_traps/trap_closed/number_repeat_shut[2]
95,uuid:4ab910c9-d279-4a6c-88e7-3e3f065ffd12,uuid:4ab910c9-d279-4a6c-88e7-3e3f065ffd12/individual_traps/trap_closed/number_repeat_shut[3]
5,uuid:ac5a8554-2a3a-44ef-b8be-e645a97fd8cb,uuid:ac5a8554-2a3a-44ef-b8be-e645a97fd8cb/individual_traps/trap_closed/number_repeat_shut[1]
12,uuid:ac5a8554-2a3a-44ef-b8be-e645a97fd8cb,uuid:ac5a8554-2a3a-44ef-b8be-e645a97fd8cb/individual_traps/trap_closed/number_repeat_shut[2]
16,uuid:ac5a8554-2a3a-44ef-b8be-e645a97fd8cb,uuid:ac5a8554-2a3a-44ef-b8be-e645a97fd8cb/individual_traps/trap_closed/number_repeat_shut[3]
35,uuid:ac5a8554-2a3a-44ef-b8be-e645a97fd8cb,uuid:ac5a8554-2a3a-44ef-b8be-e645a97fd8cb/individual_traps/trap_closed/number_repeat_shut[4]
123,uuid:c0da7c1a-2e72-4643-88c1-f7689b665d37,uuid:c0da7c1a-2e72-4643-88c1-f7689b665d37/individual_traps/trap_closed/number_repeat_shut[1]
,uuid:cb1df12b-5e8a-41b6-abdf-5d7f973e49c4,uuid:cb1df12b-5e8a-41b6-abdf-5d7f973e49c4/individual_traps/trap_closed/number_repeat_shut[1]
217,uuid:8725ca1c-a0e9-41e8-849a-eda88465c246,uuid:8725ca1c-a0e9-41e8-849a-eda88465c246/individual_traps/trap_closed/number_repeat_shut[1]
241,uuid:8725ca1c-a0e9-41e8-849a-eda88465c246,uuid:8725ca1c-a0e9-41e8-849a-eda88465c246/individual_traps/trap_closed/number_repeat_shut[2]
152,uuid:f0abe67a-27d8-4ae5-948b-f26a020cd4b0,uuid:f0abe67a-27d8-4ae5-948b-f26a020cd4b0/individual_traps/trap_closed/number_repeat_shut[1]
191,uuid:f0abe67a-27d8-4ae5-948b-f26a020cd4b0,uuid:f0abe67a-27d8-4ae5-948b-f26a020cd4b0/individual_traps/trap_closed/number_repeat_shut[2]
196,uuid:f0abe67a-27d8-4ae5-948b-f26a020cd4b0,uuid:f0abe67a-27d8-4ae5-948b-f26a020cd4b0/individual_traps/trap_closed/number_repeat_shut[3]
183,uuid:f0abe67a-27d8-4ae5-948b-f26a020cd4b0,uuid:f0abe67a-27d8-4ae5-948b-f26a020cd4b0/individual_traps/trap_closed/number_repeat_shut[4]
59,uuid:a7868e39-726b-4f54-9c41-fb9e56bf06f2,uuid:a7868e39-726b-4f54-9c41-fb9e56bf06f2/individual_traps/trap_closed/number_repeat_shut[1]
65,uuid:a7868e39-726b-4f54-9c41-fb9e56bf06f2,uuid:a7868e39-726b-4f54-9c41-fb9e56bf06f2/individual_traps/trap_closed/number_repeat_shut[2]
,uuid:a624c728-b2ab-413c-8733-7b330dfe7d1e,uuid:a624c728-b2ab-413c-8733-7b330dfe7d1e/individual_traps/trap_closed/number_repeat_shut[1]
,uuid:2c9b5dd3-c872-4133-be69-23ac5ee0ebc2,uuid:2c9b5dd3-c872-4133-be69-23ac5ee0ebc2/individual_traps/trap_closed/number_repeat_shut[1]
197,uuid:0cf1ec74-1337-4447-b683-62ac444dbef9,uuid:0cf1ec74-1337-4447-b683-62ac444dbef9/individual_traps/trap_closed/number_repeat_shut[1]
204,uuid:0cf1ec74-1337-4447-b683-62ac444dbef9,uuid:0cf1ec74-1337-4447-b683-62ac444dbef9/individual_traps/trap_closed/number_repeat_shut[2]
230,uuid:0cf1ec74-1337-4447-b683-62ac444dbef9,uuid:0cf1ec74-1337-4447-b683-62ac444dbef9/individual_traps/trap_closed/number_repeat_shut[3]
253,uuid:06d5b23c-1b98-4526-b8c9-2d1c34cb0ee7,uuid:06d5b23c-1b98-4526-b8c9-2d1c34cb0ee7/individual_traps/trap_closed/number_repeat_shut[1]
261,uuid:06d5b23c-1b98-4526-b8c9-2d1c34cb0ee7,uuid:06d5b23c-1b98-4526-b8c9-2d1c34cb0ee7/individual_traps/trap_closed/number_repeat_shut[2]
274,uuid:06d5b23c-1b98-4526-b8c9-2d1c34cb0ee7,uuid:06d5b23c-1b98-4526-b8c9-2d1c34cb0ee7/individual_traps/trap_closed/number_repeat_shut[3]
279,uuid:06d5b23c-1b98-4526-b8c9-2d1c34cb0ee7,uuid:06d5b23c-1b98-4526-b8c9-2d1c34cb0ee7/individual_traps/trap_closed/number_repeat_shut[4]
164,uuid:df935f94-6132-4570-acec-27b8127b90bb,uuid:df935f94-6132-4570-acec-27b8127b90bb/individual_traps/trap_closed/number_repeat_shut[1]
165,uuid:df935f94-6132-4570-acec-27b8127b90bb,uuid:df935f94-6132-4570-acec-27b8127b90bb/individual_traps/trap_closed/number_repeat_shut[2]
174,uuid:df935f94-6132-4570-acec-27b8127b90bb,uuid:df935f94-6132-4570-acec-27b8127b90bb/individual_traps/trap_closed/number_repeat_shut[3]
52,uuid:3a63f761-d1a8-4389-ae1d-ba9d1f49f1f3,uuid:3a63f761-d1a8-4389-ae1d-ba9d1f49f1f3/individual_traps/trap_closed/number_repeat_shut[1]
58,uuid:3a63f761-d1a8-4389-ae1d-ba9d1f49f1f3,uuid:3a63f761-d1a8-4389-ae1d-ba9d1f49f1f3/individual_traps/trap_closed/number_repeat_shut[2]
61,uuid:3a63f761-d1a8-4389-ae1d-ba9d1f49f1f3,uuid:3a63f761-d1a8-4389-ae1d-ba9d1f49f1f3/individual_traps/trap_closed/number_repeat_shut[3]
64,uuid:3a63f761-d1a8-4389-ae1d-ba9d1f49f1f3,uuid:3a63f761-d1a8-4389-ae1d-ba9d1f49f1f3/individual_traps/trap_closed/number_repeat_shut[4]
85,uuid:3a63f761-d1a8-4389-ae1d-ba9d1f49f1f3,uuid:3a63f761-d1a8-4389-ae1d-ba9d1f49f1f3/individual_traps/trap_closed/number_repeat_shut[5]
1,uuid:aa0306ef-d7d3-457c-a76c-44554728a3fa,uuid:aa0306ef-d7d3-457c-a76c-44554728a3fa/individual_traps/trap_closed/number_repeat_shut[1]
40,uuid:aa0306ef-d7d3-457c-a76c-44554728a3fa,uuid:aa0306ef-d7d3-457c-a76c-44554728a3fa/individual_traps/trap_closed/number_repeat_shut[2]
45,uuid:aa0306ef-d7d3-457c-a76c-44554728a3fa,uuid:aa0306ef-d7d3-457c-a76c-44554728a3fa/individual_traps/trap_closed/number_repeat_shut[3]
99,uuid:308e5e00-ffc0-42c4-9c4b-138d14cd5801,uuid:308e5e00-ffc0-42c4-9c4b-138d14cd5801/individual_traps/trap_closed/number_repeat_shut[1]
106,uuid:308e5e00-ffc0-42c4-9c4b-138d14cd5801,uuid:308e5e00-ffc0-42c4-9c4b-138d14cd5801/individual_traps/trap_closed/number_repeat_shut[2]
179,uuid:1087923c-deeb-4dd3-b6ca-ceaf14fc70d7,uuid:1087923c-deeb-4dd3-b6ca-ceaf14fc70d7/individual_traps/trap_closed/number_repeat_shut[1]
205,uuid:1087923c-deeb-4dd3-b6ca-ceaf14fc70d7,uuid:1087923c-deeb-4dd3-b6ca-ceaf14fc70d7/individual_traps/trap_closed/number_repeat_shut[2]
225,uuid:1087923c-deeb-4dd3-b6ca-ceaf14fc70d7,uuid:1087923c-deeb-4dd3-b6ca-ceaf14fc70d7/individual_traps/trap_closed/number_repeat_shut[3]
261,uuid:c128dbac-a470-45ac-b439-4c6d1c12b8a7,uuid:c128dbac-a470-45ac-b439-4c6d1c12b8a7/individual_traps/trap_closed/number_repeat_shut[1]
278,uuid:c128dbac-a470-45ac-b439-4c6d1c12b8a7,uuid:c128dbac-a470-45ac-b439-4c6d1c12b8a7/individual_traps/trap_closed/number_repeat_shut[2]
170,uuid:fb510963-941d-422e-ba9b-c81003688164,uuid:fb510963-941d-422e-ba9b-c81003688164/individual_traps/trap_closed/number_repeat_shut[1]
172,uuid:fb510963-941d-422e-ba9b-c81003688164,uuid:fb510963-941d-422e-ba9b-c81003688164/individual_traps/trap_closed/number_repeat_shut[2]
55,uuid:a2a32c23-51f0-4be9-92be-7ec0a144dc58,uuid:a2a32c23-51f0-4be9-92be-7ec0a144dc58/individual_traps/trap_closed/number_repeat_shut[1]
1,uuid:ceadb530-d8f2-43a3-bacb-a66a5f79afa6,uuid:ceadb530-d8f2-43a3-bacb-a66a5f79afa6/individual_traps/trap_closed/number_repeat_shut[1]
14,uuid:ceadb530-d8f2-43a3-bacb-a66a5f79afa6,uuid:ceadb530-d8f2-43a3-bacb-a66a5f79afa6/individual_traps/trap_closed/number_repeat_shut[2]
48,uuid:ceadb530-d8f2-43a3-bacb-a66a5f79afa6,uuid:ceadb530-d8f2-43a3-bacb-a66a5f79afa6/individual_traps/trap_closed/number_repeat_shut[3]
,uuid:b2f909a6-2e8a-4fbc-a776-c770b07dacbb,uuid:b2f909a6-2e8a-4fbc-a776-c770b07dacbb/individual_traps/trap_closed/number_repeat_shut[1]
102,uuid:b60984ef-97d5-44c5-b3bd-bb2f94beb141,uuid:b60984ef-97d5-44c5-b3bd-bb2f94beb141/individual_traps/trap_closed/number_repeat_shut[1]
132,uuid:b60984ef-97d5-44c5-b3bd-bb2f94beb141,uuid:b60984ef-97d5-44c5-b3bd-bb2f94beb141/individual_traps/trap_closed/number_repeat_shut[2]
50,uuid:51d9a86f-31a0-4ecc-bb02-853dceaa0f77,uuid:51d9a86f-31a0-4ecc-bb02-853dceaa0f77/individual_traps/trap_closed/number_repeat_shut[1]
1,uuid:726fb4f2-5faf-4e4d-9374-6d6d10ccb9e9,uuid:726fb4f2-5faf-4e4d-9374-6d6d10ccb9e9/individual_traps/trap_closed/number_repeat_shut[1]
33,uuid:726fb4f2-5faf-4e4d-9374-6d6d10ccb9e9,uuid:726fb4f2-5faf-4e4d-9374-6d6d10ccb9e9/individual_traps/trap_closed/number_repeat_shut[2]
4,uuid:726fb4f2-5faf-4e4d-9374-6d6d10ccb9e9,uuid:726fb4f2-5faf-4e4d-9374-6d6d10ccb9e9/individual_traps/trap_closed/number_repeat_shut[3]
5,uuid:726fb4f2-5faf-4e4d-9374-6d6d10ccb9e9,uuid:726fb4f2-5faf-4e4d-9374-6d6d10ccb9e9/individual_traps/trap_closed/number_repeat_shut[4]
158,uuid:a3439b8c-e022-45e7-8651-9327c76a5f0c,uuid:a3439b8c-e022-45e7-8651-9327c76a5f0c/individual_traps/trap_closed/number_repeat_shut[1]
162,uuid:a3439b8c-e022-45e7-8651-9327c76a5f0c,uuid:a3439b8c-e022-45e7-8651-9327c76a5f0c/individual_traps/trap_closed/number_repeat_shut[2]
123,uuid:3f6245e9-d6e6-4df5-947d-8601306b67c5,uuid:3f6245e9-d6e6-4df5-947d-8601306b67c5/individual_traps/trap_closed/number_repeat_shut[1]
117,uuid:3f6245e9-d6e6-4df5-947d-8601306b67c5,uuid:3f6245e9-d6e6-4df5-947d-8601306b67c5/individual_traps/trap_closed/number_repeat_shut[2]
120,uuid:3f6245e9-d6e6-4df5-947d-8601306b67c5,uuid:3f6245e9-d6e6-4df5-947d-8601306b67c5/individual_traps/trap_closed/number_repeat_shut[3]
115,uuid:3f6245e9-d6e6-4df5-947d-8601306b67c5,uuid:3f6245e9-d6e6-4df5-947d-8601306b67c5/individual_traps/trap_closed/number_repeat_shut[4]
50,uuid:34ace7e9-3752-458f-af31-5b8c80b8bd2a,uuid:34ace7e9-3752-458f-af31-5b8c80b8bd2a/individual_traps/trap_closed/number_repeat_shut[1]
57,uuid:34ace7e9-3752-458f-af31-5b8c80b8bd2a,uuid:34ace7e9-3752-458f-af31-5b8c80b8bd2a/individual_traps/trap_closed/number_repeat_shut[2]
6,uuid:28d458a9-4aa4-49c3-9c2c-e6594f3eef92,uuid:28d458a9-4aa4-49c3-9c2c-e6594f3eef92/individual_traps/trap_closed/number_repeat_shut[1]
14,uuid:28d458a9-4aa4-49c3-9c2c-e6594f3eef92,uuid:28d458a9-4aa4-49c3-9c2c-e6594f3eef92/individual_traps/trap_closed/number_repeat_shut[2]
48,uuid:28d458a9-4aa4-49c3-9c2c-e6594f3eef92,uuid:28d458a9-4aa4-49c3-9c2c-e6594f3eef92/individual_traps/trap_closed/number_repeat_shut[3]
22,uuid:28d458a9-4aa4-49c3-9c2c-e6594f3eef92,uuid:28d458a9-4aa4-49c3-9c2c-e6594f3eef92/individual_traps/trap_closed/number_repeat_shut[4]
,uuid:70c77640-2361-4231-ab1b-8124ed0d131f,uuid:70c77640-2361-4231-ab1b-8124ed0d131f/individual_traps/trap_closed/number_repeat_shut[1]
105,uuid:a970d84f-76d3-447a-b1a6-0c6d43c0caaf,uuid:a970d84f-76d3-447a-b1a6-0c6d43c0caaf/individual_traps/trap_closed/number_repeat_shut[1]
108,uuid:a970d84f-76d3-447a-b1a6-0c6d43c0caaf,uuid:a970d84f-76d3-447a-b1a6-0c6d43c0caaf/individual_traps/trap_closed/number_repeat_shut[2]
142,uuid:a970d84f-76d3-447a-b1a6-0c6d43c0caaf,uuid:a970d84f-76d3-447a-b1a6-0c6d43c0caaf/individual_traps/trap_closed/number_repeat_shut[3]
60,uuid:26fe4f03-9314-42f4-a6fe-89dd63ad0e6f,uuid:26fe4f03-9314-42f4-a6fe-89dd63ad0e6f/individual_traps/trap_closed/number_repeat_shut[1]
65,uuid:26fe4f03-9314-42f4-a6fe-89dd63ad0e6f,uuid:26fe4f03-9314-42f4-a6fe-89dd63ad0e6f/individual_traps/trap_closed/number_repeat_shut[2]
5,uuid:ef6735c2-eee0-44e7-b3f5-eed33a1835de,uuid:ef6735c2-eee0-44e7-b3f5-eed33a1835de/individual_traps/trap_closed/number_repeat_shut[1]
25,uuid:ef6735c2-eee0-44e7-b3f5-eed33a1835de,uuid:ef6735c2-eee0-44e7-b3f5-eed33a1835de/individual_traps/trap_closed/number_repeat_shut[2]
44,uuid:ef6735c2-eee0-44e7-b3f5-eed33a1835de,uuid:ef6735c2-eee0-44e7-b3f5-eed33a1835de/individual_traps/trap_closed/number_repeat_shut[3]
185,uuid:153dbbbf-2c7e-4732-a927-5495eaf96c73,uuid:153dbbbf-2c7e-4732-a927-5495eaf96c73/individual_traps/trap_closed/number_repeat_shut[1]
199,uuid:153dbbbf-2c7e-4732-a927-5495eaf96c73,uuid:153dbbbf-2c7e-4732-a927-5495eaf96c73/individual_traps/trap_closed/number_repeat_shut[2]
151,uuid:929278ab-17a4-439e-9912-d0ed38b4140f,uuid:929278ab-17a4-439e-9912-d0ed38b4140f/individual_traps/trap_closed/number_repeat_shut[1]
103,uuid:929278ab-17a4-439e-9912-d0ed38b4140f,uuid:929278ab-17a4-439e-9912-d0ed38b4140f/individual_traps/trap_closed/number_repeat_shut[2]
107,uuid:929278ab-17a4-439e-9912-d0ed38b4140f,uuid:929278ab-17a4-439e-9912-d0ed38b4140f/individual_traps/trap_closed/number_repeat_shut[3]
57,uuid:257984fb-423d-4d21-9bb7-601e8f03f262,uuid:257984fb-423d-4d21-9bb7-601e8f03f262/individual_traps/trap_closed/number_repeat_shut[1]
53,uuid:257984fb-423d-4d21-9bb7-601e8f03f262,uuid:257984fb-423d-4d21-9bb7-601e8f03f262/individual_traps/trap_closed/number_repeat_shut[2]
65,uuid:257984fb-423d-4d21-9bb7-601e8f03f262,uuid:257984fb-423d-4d21-9bb7-601e8f03f262/individual_traps/trap_closed/number_repeat_shut[3]
43,uuid:21f76f88-0c45-4382-97fa-4768777feae8,uuid:21f76f88-0c45-4382-97fa-4768777feae8/individual_traps/trap_closed/number_repeat_shut[1]
44,uuid:21f76f88-0c45-4382-97fa-4768777feae8,uuid:21f76f88-0c45-4382-97fa-4768777feae8/individual_traps/trap_closed/number_repeat_shut[2]
48,uuid:21f76f88-0c45-4382-97fa-4768777feae8,uuid:21f76f88-0c45-4382-97fa-4768777feae8/individual_traps/trap_closed/number_repeat_shut[3]
123,uuid:e4de3e20-82c1-487e-b74c-83b7820d7abd,uuid:e4de3e20-82c1-487e-b74c-83b7820d7abd/individual_traps/trap_closed/number_repeat_shut[1]
136,uuid:e4de3e20-82c1-487e-b74c-83b7820d7abd,uuid:e4de3e20-82c1-487e-b74c-83b7820d7abd/individual_traps/trap_closed/number_repeat_shut[2]
167,uuid:95766200-e779-4c68-87f5-5471b2af44cd,uuid:95766200-e779-4c68-87f5-5471b2af44cd/individual_traps/trap_closed/number_repeat_shut[1]
176,uuid:95766200-e779-4c68-87f5-5471b2af44cd,uuid:95766200-e779-4c68-87f5-5471b2af44cd/individual_traps/trap_closed/number_repeat_shut[2]
185,uuid:95766200-e779-4c68-87f5-5471b2af44cd,uuid:95766200-e779-4c68-87f5-5471b2af44cd/individual_traps/trap_closed/number_repeat_shut[3]
54,uuid:671f6839-e839-4dba-a512-6da75fed41d2,uuid:671f6839-e839-4dba-a512-6da75fed41d2/individual_traps/trap_closed/number_repeat_shut[1]
78,uuid:671f6839-e839-4dba-a512-6da75fed41d2,uuid:671f6839-e839-4dba-a512-6da75fed41d2/individual_traps/trap_closed/number_repeat_shut[2]
93,uuid:671f6839-e839-4dba-a512-6da75fed41d2,uuid:671f6839-e839-4dba-a512-6da75fed41d2/individual_traps/trap_closed/number_repeat_shut[3]
4,uuid:4e3cdf3f-8f17-4377-bdb4-77344386c1eb,uuid:4e3cdf3f-8f17-4377-bdb4-77344386c1eb/individual_traps/trap_closed/number_repeat_shut[1]
10,uuid:4e3cdf3f-8f17-4377-bdb4-77344386c1eb,uuid:4e3cdf3f-8f17-4377-bdb4-77344386c1eb/individual_traps/trap_closed/number_repeat_shut[2]
33,uuid:4e3cdf3f-8f17-4377-bdb4-77344386c1eb,uuid:4e3cdf3f-8f17-4377-bdb4-77344386c1eb/individual_traps/trap_closed/number_repeat_shut[3]
167,uuid:eadc880a-b90f-449a-941b-04345810f092,uuid:eadc880a-b90f-449a-941b-04345810f092/individual_traps/trap_closed/number_repeat_shut[1]
168,uuid:eadc880a-b90f-449a-941b-04345810f092,uuid:eadc880a-b90f-449a-941b-04345810f092/individual_traps/trap_closed/number_repeat_shut[2]
170,uuid:eadc880a-b90f-449a-941b-04345810f092,uuid:eadc880a-b90f-449a-941b-04345810f092/individual_traps/trap_closed/number_repeat_shut[3]
176,uuid:eadc880a-b90f-449a-941b-04345810f092,uuid:eadc880a-b90f-449a-941b-04345810f092/individual_traps/trap_closed/number_repeat_shut[4]
174,uuid:eadc880a-b90f-449a-941b-04345810f092,uuid:eadc880a-b90f-449a-941b-04345810f092/individual_traps/trap_closed/number_repeat_shut[5]
122,uuid:0cab60e1-8fb0-4892-8976-25e795f2a476,uuid:0cab60e1-8fb0-4892-8976-25e795f2a476/individual_traps/trap_closed/number_repeat_shut[1]
131,uuid:0cab60e1-8fb0-4892-8976-25e795f2a476,uuid:0cab60e1-8fb0-4892-8976-25e795f2a476/individual_traps/trap_closed/number_repeat_shut[2]
54,uuid:0b08b0fa-8d9d-418e-a871-630f3ed73013,uuid:0b08b0fa-8d9d-418e-a871-630f3ed73013/individual_traps/trap_closed/number_repeat_shut[1]
77,uuid:0b08b0fa-8d9d-418e-a871-630f3ed73013,uuid:0b08b0fa-8d9d-418e-a871-630f3ed73013/individual_traps/trap_closed/number_repeat_shut[2]
94,uuid:0b08b0fa-8d9d-418e-a871-630f3ed73013,uuid:0b08b0fa-8d9d-418e-a871-630f3ed73013/individual_traps/trap_closed/number_repeat_shut[3]
95,uuid:0b08b0fa-8d9d-418e-a871-630f3ed73013,uuid:0b08b0fa-8d9d-418e-a871-630f3ed73013/individual_traps/trap_closed/number_repeat_shut[4]
28,uuid:cbdab78f-ed5c-462b-bee1-d3beabd35c60,uuid:cbdab78f-ed5c-462b-bee1-d3beabd35c60/individual_traps/trap_closed/number_repeat_shut[1]
30,uuid:cbdab78f-ed5c-462b-bee1-d3beabd35c60,uuid:cbdab78f-ed5c-462b-bee1-d3beabd35c60/individual_traps/trap_closed/number_repeat_shut[2]
153,uuid:d23d750b-6e51-41e5-b64c-707764e26888,uuid:d23d750b-6e51-41e5-b64c-707764e26888/individual_traps/trap_closed/number_repeat_shut[1]
188,uuid:d23d750b-6e51-41e5-b64c-707764e26888,uuid:d23d750b-6e51-41e5-b64c-707764e26888/individual_traps/trap_closed/number_repeat_shut[2]
110,uuid:c855c764-ae13-436d-a250-f61b2e46a95f,uuid:c855c764-ae13-436d-a250-f61b2e46a95f/individual_traps/trap_closed/number_repeat_shut[1]
123,uuid:c855c764-ae13-436d-a250-f61b2e46a95f,uuid:c855c764-ae13-436d-a250-f61b2e46a95f/individual_traps/trap_closed/number_repeat_shut[2]
50,uuid:d8e53ae0-3d6a-448c-9aa3-f4afae823468,uuid:d8e53ae0-3d6a-448c-9aa3-f4afae823468/individual_traps/trap_closed/number_repeat_shut[1]
95,uuid:d8e53ae0-3d6a-448c-9aa3-f4afae823468,uuid:d8e53ae0-3d6a-448c-9aa3-f4afae823468/individual_traps/trap_closed/number_repeat_shut[2]
13,uuid:4662c894-6fdc-4eeb-b5f3-0af381c75b25,uuid:4662c894-6fdc-4eeb-b5f3-0af381c75b25/individual_traps/trap_closed/number_repeat_shut[1]
22,uuid:4662c894-6fdc-4eeb-b5f3-0af381c75b25,uuid:4662c894-6fdc-4eeb-b5f3-0af381c75b25/individual_traps/trap_closed/number_repeat_shut[2]
26,uuid:4662c894-6fdc-4eeb-b5f3-0af381c75b25,uuid:4662c894-6fdc-4eeb-b5f3-0af381c75b25/individual_traps/trap_closed/number_repeat_shut[3]
27,uuid:4662c894-6fdc-4eeb-b5f3-0af381c75b25,uuid:4662c894-6fdc-4eeb-b5f3-0af381c75b25/individual_traps/trap_closed/number_repeat_shut[4]
199,uuid:939b3efb-f13a-4bd1-bef2-aad3a5c06beb,uuid:939b3efb-f13a-4bd1-bef2-aad3a5c06beb/individual_traps/trap_closed/number_repeat_shut[1]
203,uuid:939b3efb-f13a-4bd1-bef2-aad3a5c06beb,uuid:939b3efb-f13a-4bd1-bef2-aad3a5c06beb/individual_traps/trap_closed/number_repeat_shut[2]
132,uuid:fb294ac9-1afb-4b0e-9878-095aa768541a,uuid:fb294ac9-1afb-4b0e-9878-095aa768541a/individual_traps/trap_closed/number_repeat_shut[1]
64,uuid:9ff1de50-0fd4-44c5-8047-b34bd53f4b72,uuid:9ff1de50-0fd4-44c5-8047-b34bd53f4b72/individual_traps/trap_closed/number_repeat_shut[1]
68,uuid:9ff1de50-0fd4-44c5-8047-b34bd53f4b72,uuid:9ff1de50-0fd4-44c5-8047-b34bd53f4b72/individual_traps/trap_closed/number_repeat_shut[2]
69,uuid:9ff1de50-0fd4-44c5-8047-b34bd53f4b72,uuid:9ff1de50-0fd4-44c5-8047-b34bd53f4b72/individual_traps/trap_closed/number_repeat_shut[3]
2,uuid:0a5d5402-05d2-43ee-a00c-21bb6df7a7dc,uuid:0a5d5402-05d2-43ee-a00c-21bb6df7a7dc/individual_traps/trap_closed/number_repeat_shut[1]
25,uuid:0a4dced3-af39-4fd4-8d14-57b89bb6803e,uuid:0a4dced3-af39-4fd4-8d14-57b89bb6803e/individual_traps/trap_closed/number_repeat_shut[1]
31,uuid:0a4dced3-af39-4fd4-8d14-57b89bb6803e,uuid:0a4dced3-af39-4fd4-8d14-57b89bb6803e/individual_traps/trap_closed/number_repeat_shut[2]
41,uuid:0a4dced3-af39-4fd4-8d14-57b89bb6803e,uuid:0a4dced3-af39-4fd4-8d14-57b89bb6803e/individual_traps/trap_closed/number_repeat_shut[3]
66,uuid:a05814fb-4141-4da4-9dab-0b43fe1b6363,uuid:a05814fb-4141-4da4-9dab-0b43fe1b6363/individual_traps/trap_closed/number_repeat_shut[1]
74,uuid:a05814fb-4141-4da4-9dab-0b43fe1b6363,uuid:a05814fb-4141-4da4-9dab-0b43fe1b6363/individual_traps/trap_closed/number_repeat_shut[2]
85,uuid:a05814fb-4141-4da4-9dab-0b43fe1b6363,uuid:a05814fb-4141-4da4-9dab-0b43fe1b6363/individual_traps/trap_closed/number_repeat_shut[3]
183,uuid:82ca0e65-1fc8-4dc7-b041-570c11820a2c,uuid:82ca0e65-1fc8-4dc7-b041-570c11820a2c/individual_traps/trap_closed/number_repeat_shut[1]
204,uuid:4ab2b196-656d-4709-ba62-15c7b91e8d18,uuid:4ab2b196-656d-4709-ba62-15c7b91e8d18/individual_traps/trap_closed/number_repeat_shut[1]
217,uuid:4ab2b196-656d-4709-ba62-15c7b91e8d18,uuid:4ab2b196-656d-4709-ba62-15c7b91e8d18/individual_traps/trap_closed/number_repeat_shut[2]
220,uuid:4ab2b196-656d-4709-ba62-15c7b91e8d18,uuid:4ab2b196-656d-4709-ba62-15c7b91e8d18/individual_traps/trap_closed/number_repeat_shut[3]
112,uuid:4ab2b196-656d-4709-ba62-15c7b91e8d18,uuid:4ab2b196-656d-4709-ba62-15c7b91e8d18/individual_traps/trap_closed/number_repeat_shut[4]
227,uuid:a08251d4-c0c8-43e2-8664-d8646d01556f,uuid:a08251d4-c0c8-43e2-8664-d8646d01556f/individual_traps/trap_closed/number_repeat_shut[1]
232,uuid:a08251d4-c0c8-43e2-8664-d8646d01556f,uuid:a08251d4-c0c8-43e2-8664-d8646d01556f/individual_traps/trap_closed/number_repeat_shut[2]
237,uuid:a08251d4-c0c8-43e2-8664-d8646d01556f,uuid:a08251d4-c0c8-43e2-8664-d8646d01556f/individual_traps/trap_closed/number_repeat_shut[3]
142,uuid:a08251d4-c0c8-43e2-8664-d8646d01556f,uuid:a08251d4-c0c8-43e2-8664-d8646d01556f/individual_traps/trap_closed/number_repeat_shut[4]
144,uuid:a08251d4-c0c8-43e2-8664-d8646d01556f,uuid:a08251d4-c0c8-43e2-8664-d8646d01556f/individual_traps/trap_closed/number_repeat_shut[5]
152,uuid:cadced31-67cf-47bc-80b9-72b07a6eb14f,uuid:cadced31-67cf-47bc-80b9-72b07a6eb14f/individual_traps/trap_closed/number_repeat_shut[1]
155,uuid:cadced31-67cf-47bc-80b9-72b07a6eb14f,uuid:cadced31-67cf-47bc-80b9-72b07a6eb14f/individual_traps/trap_closed/number_repeat_shut[2]
186,uuid:cadced31-67cf-47bc-80b9-72b07a6eb14f,uuid:cadced31-67cf-47bc-80b9-72b07a6eb14f/individual_traps/trap_closed/number_repeat_shut[3]
184,uuid:cadced31-67cf-47bc-80b9-72b07a6eb14f,uuid:cadced31-67cf-47bc-80b9-72b07a6eb14f/individual_traps/trap_closed/number_repeat_shut[4]
61,uuid:f1ef7a63-dac1-4185-9f06-2fff52bb0e7d,uuid:f1ef7a63-dac1-4185-9f06-2fff52bb0e7d/individual_traps/trap_closed/number_repeat_shut[1]
55,uuid:f1ef7a63-dac1-4185-9f06-2fff52bb0e7d,uuid:f1ef7a63-dac1-4185-9f06-2fff52bb0e7d/individual_traps/trap_closed/number_repeat_shut[2]
60,uuid:f1ef7a63-dac1-4185-9f06-2fff52bb0e7d,uuid:f1ef7a63-dac1-4185-9f06-2fff52bb0e7d/individual_traps/trap_closed/number_repeat_shut[3]
208,uuid:b021ba63-4f01-44e7-88aa-1ae9967da4a0,uuid:b021ba63-4f01-44e7-88aa-1ae9967da4a0/individual_traps/trap_closed/number_repeat_shut[1]
213,uuid:b021ba63-4f01-44e7-88aa-1ae9967da4a0,uuid:b021ba63-4f01-44e7-88aa-1ae9967da4a0/individual_traps/trap_closed/number_repeat_shut[2]
9,uuid:35258b6b-df77-4032-9737-ef8f6cdb1f7a,uuid:35258b6b-df77-4032-9737-ef8f6cdb1f7a/individual_traps/trap_closed/number_repeat_shut[1]
32,uuid:35258b6b-df77-4032-9737-ef8f6cdb1f7a,uuid:35258b6b-df77-4032-9737-ef8f6cdb1f7a/individual_traps/trap_closed/number_repeat_shut[2]
40,uuid:35258b6b-df77-4032-9737-ef8f6cdb1f7a,uuid:35258b6b-df77-4032-9737-ef8f6cdb1f7a/individual_traps/trap_closed/number_repeat_shut[3]
61,uuid:a5b5f8bd-daeb-4f99-a9da-df1d903ee3a6,uuid:a5b5f8bd-daeb-4f99-a9da-df1d903ee3a6/individual_traps/trap_closed/number_repeat_shut[1]
55,uuid:a5b5f8bd-daeb-4f99-a9da-df1d903ee3a6,uuid:a5b5f8bd-daeb-4f99-a9da-df1d903ee3a6/individual_traps/trap_closed/number_repeat_shut[2]
60,uuid:a5b5f8bd-daeb-4f99-a9da-df1d903ee3a6,uuid:a5b5f8bd-daeb-4f99-a9da-df1d903ee3a6/individual_traps/trap_closed/number_repeat_shut[3]
9,uuid:2423f73d-05be-408f-a745-aa9070dbde68,uuid:2423f73d-05be-408f-a745-aa9070dbde68/individual_traps/trap_closed/number_repeat_shut[1]
32,uuid:2423f73d-05be-408f-a745-aa9070dbde68,uuid:2423f73d-05be-408f-a745-aa9070dbde68/individual_traps/trap_closed/number_repeat_shut[2]
40,uuid:2423f73d-05be-408f-a745-aa9070dbde68,uuid:2423f73d-05be-408f-a745-aa9070dbde68/individual_traps/trap_closed/number_repeat_shut[3]
229,uuid:0b13cc4c-9ffa-4c5a-972f-0e1b2b7fd0f8,uuid:0b13cc4c-9ffa-4c5a-972f-0e1b2b7fd0f8/individual_traps/trap_closed/number_repeat_shut[1]
232,uuid:0b13cc4c-9ffa-4c5a-972f-0e1b2b7fd0f8,uuid:0b13cc4c-9ffa-4c5a-972f-0e1b2b7fd0f8/individual_traps/trap_closed/number_repeat_shut[2]
146,uuid:0b13cc4c-9ffa-4c5a-972f-0e1b2b7fd0f8,uuid:0b13cc4c-9ffa-4c5a-972f-0e1b2b7fd0f8/individual_traps/trap_closed/number_repeat_shut[3]
148,uuid:0b13cc4c-9ffa-4c5a-972f-0e1b2b7fd0f8,uuid:0b13cc4c-9ffa-4c5a-972f-0e1b2b7fd0f8/individual_traps/trap_closed/number_repeat_shut[4]
129,uuid:21ee0284-36e4-463e-b7d4-c0279936ff8a,uuid:21ee0284-36e4-463e-b7d4-c0279936ff8a/individual_traps/trap_closed/number_repeat_shut[1]
126,uuid:21ee0284-36e4-463e-b7d4-c0279936ff8a,uuid:21ee0284-36e4-463e-b7d4-c0279936ff8a/individual_traps/trap_closed/number_repeat_shut[2]
156,uuid:af8b82bf-bfb5-4583-8114-74c1b536490d,uuid:af8b82bf-bfb5-4583-8114-74c1b536490d/individual_traps/trap_closed/number_repeat_shut[1]
84,uuid:af8b82bf-bfb5-4583-8114-74c1b536490d,uuid:af8b82bf-bfb5-4583-8114-74c1b536490d/individual_traps/trap_closed/number_repeat_shut[2]
,uuid:a18e0c97-69e5-4c6f-ac46-ce489f38300f,uuid:a18e0c97-69e5-4c6f-ac46-ce489f38300f/individual_traps/trap_closed/number_repeat_shut[1]
23,uuid:ce282119-33ab-4365-9f73-b995172a478d,uuid:ce282119-33ab-4365-9f73-b995172a478d/individual_traps/trap_closed/number_repeat_shut[1]
47,uuid:ce282119-33ab-4365-9f73-b995172a478d,uuid:ce282119-33ab-4365-9f73-b995172a478d/individual_traps/trap_closed/number_repeat_shut[2]
51,uuid:ce282119-33ab-4365-9f73-b995172a478d,uuid:ce282119-33ab-4365-9f73-b995172a478d/individual_traps/trap_closed/number_repeat_shut[3]
